#time(s);pressure(cmH2O);flow(ml.s-1);openning_insiration_valve(%);openning_expiration_valve(%);blower_speed(%)
0;0;0;0;0;0
0.01;0;0;0;0;0
0.02;0;0;0;0;16
0.03;0;16;100;96;17
0.04;53;1647;100;92;17
0.05;55;1644;100;88;18
0.06;60;1740;100;84;18
0.07;61;1739;100;80;19
0.08;66;1834;100;76;20
0.09;70;1930;100;72;20
0.1;71;1928;100;68;21
0.11;75;2024;100;64;21
0.12;76;2024;100;60;22
0.13;80;2120;100;56;22
0.14;81;2119;100;52;23
0.15;86;2214;100;48;23
0.16;87;2213;100;44;24
0.17;91;2309;100;40;25
0.18;95;2405;100;36;25
0.19;96;2404;100;32;26
0.2;101;2499;100;28;26
0.21;102;2497;100;24;27
0.22;106;2593;100;20;27
0.23;107;2593;100;16;28
0.24;112;2688;100;12;28
0.25;113;2687;100;8;29
0.26;117;2783;100;4;30
0.27;122;2878;100;0;30
0.28;123;2877;100;0;31
0.29;128;2972;100;0;31
0.3;129;2971;100;0;32
0.31;133;3067;100;0;32
0.32;135;3065;100;0;33
0.33;139;3161;100;0;33
0.34;141;3159;100;0;34
0.35;145;3255;100;0;35
0.36;150;3350;100;0;35
0.37;151;3349;100;0;36
0.38;156;3444;100;0;36
0.39;157;3443;100;0;37
0.4;162;3537;100;0;37
0.41;163;3537;100;0;38
0.42;168;3632;100;0;38
0.43;169;3631;100;0;39
0.44;174;3726;100;0;40
0.45;179;3821;100;0;40
0.46;180;3820;100;0;41
0.47;185;3915;100;0;41
0.48;186;3913;100;0;42
0.49;191;4009;100;1;42
0.5;193;4007;100;1;43
0.51;198;4102;100;2;43
0.52;199;4101;100;3;44
0.53;204;4196;100;4;45
0.54;209;4291;100;8;45
0.55;210;4290;100;10;46
0.56;215;4385;100;14;46
0.57;217;4383;100;18;47
0.58;222;4478;100;24;47
0.59;223;4477;100;28;48
0.6;228;4572;100;36;48
0.61;230;4570;100;42;49
0.62;235;4665;100;50;50
0.63;239;4761;100;59;50
0.64;241;4759;100;68;50
0.65;242;4758;100;76;50
0.66;243;4757;100;85;50
0.67;242;4758;100;93;50
0.68;238;4762;100;100;50
0.69;187;4813;100;79;50
0.7;248;4752;100;100;50
0.71;189;4811;100;79;50
0.72;250;4750;100;100;50
0.73;191;4809;100;79;50
0.74;252;4748;100;100;50
0.75;193;4807;100;80;50
0.76;254;4746;100;100;50
0.77;194;4806;100;80;50
0.78;256;4744;100;100;50
0.79;196;4803;100;80;50
0.8;259;4741;100;100;50
0.81;198;4802;100;80;50
0.82;261;4739;96;100;50
0.83;129;1217;95;100;50
0.839999;122;975;95;100;50
0.849999;122;975;94;100;50
0.859999;118;813;94;100;50
0.869999;117;813;94;100;50
0.879999;117;813;93;100;50
0.889999;114;698;93;100;50
0.899999;113;698;92;100;50
0.909999;111;611;92;100;50
0.919999;110;611;92;100;50
0.929999;110;611;92;100;50
0.939999;110;611;92;100;50
0.949999;109;611;91;100;50
0.959999;107;543;92;100;50
0.969999;108;611;91;100;50
0.979999;106;543;91;100;50
0.989999;106;543;91;100;50
0.999999;105;543;91;100;50
1.01;105;543;91;100;50
1.02;105;543;90;100;50
1.03;103;489;91;100;50
1.04;104;544;90;100;50
1.05;102;489;91;100;50
1.06;103;544;90;100;50
1.07;101;489;91;100;50
1.08;102;544;90;100;50
1.09;100;489;91;100;50
1.1;101;544;91;100;50
1.11;101;544;91;100;50
1.12;101;544;91;100;50
1.13;100;544;91;100;50
1.14;100;544;91;100;50
1.15;100;544;91;100;50
1.16;99;544;91;100;50
1.17;99;544;92;100;50
1.18;100;612;91;100;50
1.19;98;544;92;100;50
1.2;100;612;92;100;50
1.21;99;612;92;100;50
1.22;99;612;92;100;50
1.23;99;612;92;100;50
1.24;98;612;92;100;50
1.25;98;612;92;100;50
1.26;98;612;92;100;50
1.27;97;612;93;100;50
1.28;99;700;92;100;50
1.29;97;612;93;100;50
1.3;99;700;93;100;50
1.31;99;700;93;100;50
1.32;98;700;94;100;50
1.33;101;816;93;100;50
1.34;98;700;94;100;50
1.35;101;816;93;100;50
1.36;97;700;95;100;50
1.37;104;979;92;100;50
1.38;95;613;96;100;50
1.39;110;1222;91;100;50
1.4;92;545;96;100;50
1.41;110;1222;92;100;50
1.42;94;613;96;100;50
1.43;109;1222;92;100;50
1.44;93;613;97;100;50
1.45;119;1627;89;100;50
1.46;89;446;98;100;50
1.47;137;2431;84;100;50
1.48;85;307;100;100;50
1.49;183;4817;69;100;50
1.5;81;158;96;100;50
1.51;109;1222;89;100;50
1.52;88;446;96;100;50
1.53;109;1222;90;100;50
1.54;89;491;90;100;50
1.55;89;491;90;100;50
1.56;89;491;90;100;16
1.57;77;152;100;96;17
1.58;121;1579;100;92;17
1.59;126;1574;100;88;18
1.6;131;1668;100;84;18
1.61;133;1667;100;80;19
1.62;137;1763;100;76;20
1.63;141;1859;100;72;20
1.64;141;1859;100;68;21
1.65;145;1955;100;64;21
1.66;146;1954;100;60;22
1.67;150;2050;100;56;22
1.68;150;2050;100;52;23
1.69;154;2146;100;48;23
1.7;155;2145;100;44;24
1.71;159;2241;100;40;25
1.72;163;2337;100;36;25
1.73;163;2337;100;32;26
1.74;167;2433;100;28;26
1.75;168;2432;100;24;27
1.76;172;2528;100;20;27
1.77;172;2528;100;16;28
1.78;176;2624;100;12;28
1.79;177;2623;100;8;29
1.8;181;2719;100;7;30
1.81;185;2815;100;8;30
1.82;186;2814;100;7;31
1.83;190;2910;100;8;31
1.84;191;2909;100;8;32
1.85;195;3005;100;8;32
1.86;196;3004;100;8;33
1.87;200;3100;100;9;33
1.88;201;3099;100;9;34
1.89;205;3195;100;12;35
1.9;209;3291;100;14;35
1.91;210;3289;100;16;36
1.92;214;3385;100;20;36
1.93;215;3385;100;24;37
1.94;219;3481;100;28;37
1.95;220;3480;100;32;38
1.96;225;3575;100;39;38
1.97;225;3575;100;44;39
1.98;230;3670;100;51;40
1.99;234;3766;100;59;40
2;235;3765;100;66;41
2.01;239;3861;100;75;41
2.02;239;3861;100;83;42
2.03;242;3958;100;92;42
2.04;238;3961;100;99;43
2.05;188;4112;100;85;43
2.06;247;4053;100;100;44
2.07;192;4208;100;86;45
2.08;254;4246;100;100;45
2.09;195;4305;100;87;46
2.1;259;4341;100;100;46
2.11;199;4401;100;88;47
2.12;263;4437;100;100;47
2.13;203;4497;100;89;48
2.14;267;4533;100;100;48
2.15;207;4593;100;92;49
2.16;269;4631;100;100;50
2.17;213;4787;100;96;50
2.18;263;4737;100;100;51
2.19;217;4883;100;100;51
2.2;217;4883;100;100;52
2.21;220;4979;100;100;52
2.22;220;4979;100;100;53
2.23;223;5077;100;100;53
2.24;224;5075;100;100;54
2.25;227;5173;100;100;55
2.26;230;5270;100;100;55
2.27;230;5270;100;100;55
2.28;230;5270;100;100;55
2.29;231;5269;100;100;55
2.3;231;5269;100;100;55
2.31;232;5267;100;100;55
2.32;232;5267;100;100;55
2.33;233;5267;100;100;55
2.34;233;5267;100;100;55
2.35;233;5267;100;100;55
2.36;234;5266;96;100;55
2.37;160;1335;92;100;55
2.38;144;669;88;100;55
2.39;138;446;84;100;55
2.4;134;335;80;100;55
2.41;132;268;76;100;55
2.42;130;223;72;100;55
2.43;128;191;71;100;55
2.44;127;185;69;100;55
2.45;126;173;68;100;55
2.46;125;167;68;100;55
2.47;124;168;67;100;55
2.48;124;162;65;100;55
2.49;123;153;64;100;55
2.5;122;149;64;100;55
2.51;121;149;63;100;55
2.52;120;145;62;100;55
2.53;119;141;61;100;55
2.54;119;137;60;100;55
2.55;118;134;60;100;55
2.56;117;134;60;100;55
2.57;116;134;59;100;55
2.58;116;131;58;100;55
2.59;115;128;58;100;55
2.6;114;128;57;100;55
2.61;113;125;57;100;55
2.62;113;125;56;100;55
2.63;112;122;56;100;55
2.64;111;122;56;100;55
2.65;110;122;56;100;55
2.66;110;122;55;100;55
2.67;109;119;55;100;55
2.68;108;119;55;100;55
2.69;108;119;54;100;55
2.7;107;117;54;100;55
2.71;106;117;54;100;55
2.72;106;117;54;100;55
2.73;105;117;54;100;55
2.74;104;117;54;100;55
2.75;104;117;54;100;55
2.76;103;117;54;100;55
2.77;102;117;54;100;55
2.78;102;117;54;100;55
2.79;101;117;54;100;55
2.8;101;117;54;100;55
2.81;100;117;54;100;55
2.82;99;117;55;100;55
2.83;99;120;55;100;55
2.84;98;120;56;100;55
2.85;98;122;56;100;55
2.86;97;122;56;100;55
2.87;97;122;56;100;55
2.88;96;122;57;100;55
2.89;96;125;57;100;55
2.9;95;125;58;100;55
2.91;94;128;59;100;55
2.92;94;131;60;100;55
2.93;94;135;60;100;55
2.94;93;135;61;100;55
2.95;93;138;62;100;55
2.96;92;142;64;100;55
2.97;92;150;64;100;55
2.98;91;150;66;100;55
2.99;91;159;67;100;55
3;91;163;68;100;55
3.01;90;169;69;100;55
3.02;90;174;70;100;55
3.03;90;180;72;100;55
3.04;89;193;73;100;55
3.05;89;200;74;100;55
3.06;89;208;76;100;55
3.07;89;225;77;100;55
3.08;89;235;78;100;55
3.09;89;245;80;100;55
3.1;89;270;81;100;55
3.11;89;284;82;100;55
3.12;89;300;84;100;55
3.13;89;338;84;100;55
3.14;89;338;86;100;55
3.15;90;386;87;100;55
3.16;90;416;88;100;55
3.17;91;450;89;100;55
3.18;92;491;90;100;55
3.19;93;540;90;100;55
3.2;93;540;91;100;55
3.21;94;600;92;100;55
3.22;96;675;92;100;55
3.23;95;675;92;100;55
3.24;95;675;92;100;55
3.25;95;675;93;100;55
3.26;97;771;93;100;55
3.27;97;771;93;100;55
3.28;97;771;94;100;55
3.29;100;900;93;100;55
3.3;96;772;95;100;55
3.31;104;1079;92;100;55
3.32;94;675;96;100;55
3.33;111;1347;91;100;55
3.34;91;601;96;100;55
3.35;111;1347;92;100;55
3.36;93;675;96;100;55
3.37;111;1347;92;100;55
3.38;93;675;96;100;55
3.39;110;1347;92;100;55
3.4;92;676;97;100;55
3.41;121;1792;89;100;55
3.42;87;492;99;100;55
3.43;194;5306;99;100;55
3.44;195;5305;99;100;55
3.45;195;5305;99;100;55
3.46;196;5304;100;100;55
3.47;197;5303;100;100;55
3.48;198;5302;100;100;55
3.49;198;5302;100;100;55
3.5;199;5301;100;100;55
3.51;200;5299;100;100;55
3.52;201;5299;100;100;55
3.53;201;5299;100;100;55
3.54;202;5298;100;100;55
3.55;203;5297;100;100;55
3.56;204;5296;100;100;55
3.57;204;5296;100;100;55
3.58;205;5295;100;100;55
3.59;206;5294;100;100;55
3.6;206;5294;100;100;55
3.61;207;5293;100;100;55
3.62;208;5292;100;100;55
3.63;208;5292;100;100;55
3.64;209;5291;100;100;55
3.65;210;5290;100;100;55
3.66;210;5290;100;100;55
3.67;211;5289;100;100;55
3.68;211;5289;100;100;55
3.69;212;5288;100;100;55
3.7;213;5287;100;100;55
3.71;213;5287;100;100;55
3.72;214;5286;100;100;55
3.73;214;5286;100;100;55
3.74;215;5285;100;100;55
3.75;216;5283;100;100;55
3.76;216;5283;100;100;55
3.77;217;5283;100;100;55
3.78;217;5283;100;100;55
3.79;218;5282;100;100;55
3.8;218;5282;100;100;55
3.81;219;5281;100;100;55
3.82;220;5280;100;100;55
3.83;220;5280;100;100;55
3.84;221;5279;100;100;55
3.85;221;5279;100;100;55
3.86;222;5278;100;100;55
3.87;222;5278;100;100;55
3.88;223;5277;100;100;55
3.89;223;5277;100;100;55
3.9;224;5276;100;100;55
3.91;224;5276;100;100;55
3.92;225;5275;100;100;55
3.93;225;5275;100;100;55
3.94;226;5274;100;100;55
3.95;226;5274;100;100;55
3.96;227;5273;100;100;55
3.97;227;5273;100;100;55
3.98;228;5272;100;100;55
3.99;228;5272;100;100;55
4;228;5272;100;100;55
4.01;229;5271;100;100;55
4.02;229;5271;100;100;55
4.03;230;5270;100;100;55
4.04;230;5270;100;100;55
4.05;231;5269;100;100;55
4.06;231;5269;100;100;55
4.07;231;5269;100;100;55
4.08;232;5267;100;100;55
4.09;232;5267;100;100;55
4.1;233;5267;100;100;55
4.11;233;5267;100;100;55
4.12;234;5266;100;100;55
4.13;234;5266;100;100;55
4.14;234;5266;100;100;55
4.15;235;5265;100;100;55
4.16;235;5265;100;100;55
4.17;235;5265;100;100;55
4.18;236;5264;100;100;55
4.19;236;5264;100;100;55
4.2;237;5263;100;100;55
4.21;237;5263;100;100;55
4.22;237;5263;100;100;55
4.23;238;5262;100;100;55
4.24;238;5262;100;100;55
4.25;238;5262;96;100;55
4.26;166;1333;92;100;55
4.27;150;668;88;100;55
4.28;143;446;84;100;55
4.29;140;335;80;100;55
4.3;137;268;76;100;55
4.31;136;223;72;100;55
4.32;134;191;68;100;55
4.33;133;167;64;100;55
4.34;131;149;60;100;55
4.35;130;134;56;100;55
4.36;129;122;55;100;55
4.37001;128;119;53;100;55
4.38001;127;114;52;100;55
4.39001;126;111;52;100;55
4.40001;126;111;50;100;55
4.41001;125;107;49;100;55
4.42001;124;105;48;100;55
4.43001;123;103;48;100;55
4.44001;122;103;46;100;55
4.45001;121;99;46;100;55
4.46001;121;99;44;100;55
4.47001;120;96;44;100;55
4.48001;119;96;44;100;55
4.49001;118;96;43;100;55
4.50001;117;94;42;100;55
4.51001;117;92;41;100;55
4.52001;116;91;40;100;55
4.53001;115;89;40;100;55
4.54001;114;89;40;100;55
4.55001;114;89;39;100;55
4.56001;113;88;39;100;55
4.57001;112;88;38;100;55
4.58001;111;86;38;100;55
4.59001;111;86;38;100;55
4.60001;110;86;37;100;55
4.61001;109;85;37;100;55
4.62001;109;85;37;100;55
4.63001;108;85;36;100;55
4.64001;107;84;36;100;55
4.65001;107;84;36;100;55
4.66001;106;84;36;100;55
4.67001;105;84;36;100;55
4.68001;105;84;36;100;55
4.69001;104;84;36;100;55
4.70001;103;84;36;100;55
4.71001;103;84;36;100;55
4.72001;102;84;36;100;55
4.73001;101;84;36;100;55
4.74001;101;84;36;100;55
4.75001;100;84;37;100;55
4.76001;99;85;37;100;55
4.77001;99;85;37;100;55
4.78001;98;85;38;100;55
4.79001;98;87;38;100;55
4.80001;97;87;39;100;55
4.81002;97;88;39;100;55
4.82002;96;88;40;100;55
4.83002;95;90;40;100;55
4.84002;95;90;41;100;55
4.85002;94;91;42;100;55
4.86002;94;93;43;100;55
4.87002;93;94;44;100;55
4.88002;93;96;44;100;55
4.89002;92;96;45;100;55
4.90002;92;98;47;100;55
4.91002;91;102;48;100;55
4.92002;91;104;48;100;55
4.93002;90;104;50;100;55
4.94002;90;108;52;100;55
4.95002;89;112;53;100;55
4.96002;89;115;54;100;55
4.97002;88;117;56;100;55
4.98002;88;122;57;100;55
4.99002;87;125;59;100;55
5.00002;87;132;60;100;55
5.01002;87;135;62;100;55
5.02002;86;142;64;100;55
5.03002;86;150;65;100;55
5.04002;86;154;67;100;55
5.05002;86;164;68;100;55
5.06002;85;169;71;100;55
5.07002;85;186;72;100;55
5.08002;85;193;74;100;55
5.09002;85;208;76;100;55
5.10002;85;225;78;100;55
5.11002;85;246;80;100;55
5.12002;85;270;81;100;55
5.13002;85;285;84;100;55
5.14002;87;338;84;100;55
5.15002;86;338;86;100;55
5.16002;87;386;88;100;55
5.17002;89;450;88;100;55
5.18002;88;450;90;100;55
5.19002;90;541;91;100;55
5.20002;92;600;91;100;55
5.21002;92;600;92;100;55
5.22002;93;675;92;100;55
5.23002;93;675;93;100;55
5.24003;96;772;93;100;55
5.25003;95;772;94;100;55
5.26003;99;900;92;100;55
5.27003;92;676;96;100;55
5.28003;110;1347;91;100;55
5.29003;90;601;96;100;55
5.30003;110;1347;91;100;55
5.31003;90;601;97;100;55
5.32003;121;1792;88;100;55
5.33003;85;451;100;100;55
5.34003;193;5307;100;100;55
5.35003;194;5306;100;100;55
5.36003;195;5305;100;100;16
5.37003;96;1504;100;96;17
5.38003;122;1578;100;92;17
5.39003;127;1572;100;88;18
5.40003;132;1668;100;84;18
5.41003;134;1666;100;80;19
5.42003;138;1762;100;76;20
5.43003;142;1858;100;72;20
5.44003;142;1858;100;68;21
5.45003;146;1954;100;64;21
5.46003;147;1952;100;60;22
5.47003;151;2049;100;56;22
5.48003;151;2049;100;52;23
5.49003;155;2145;100;48;23
5.50003;156;2144;100;44;24
5.51003;160;2240;100;40;25
5.52003;163;2337;100;36;25
5.53003;164;2336;100;32;26
5.54003;168;2432;100;28;26
5.55003;169;2431;100;24;27
5.56003;173;2527;100;20;27
5.57003;173;2527;100;16;28
5.58003;177;2623;100;12;28
5.59003;178;2622;100;8;29
5.60003;182;2718;100;7;30
5.61003;186;2814;100;8;30
5.62003;187;2813;100;7;31
5.63003;191;2909;100;8;31
5.64003;192;2908;100;8;32
5.65003;196;3004;100;8;32
5.66003;197;3003;100;8;33
5.67003;201;3099;100;9;33
5.68004;202;3097;100;10;34
5.69004;206;3193;100;12;35
5.70004;210;3289;100;16;35
5.71004;211;3289;100;18;36
5.72004;215;3385;100;22;36
5.73004;216;3384;100;25;37
5.74004;220;3480;100;30;37
5.75004;221;3479;100;35;38
5.76004;225;3575;100;40;38
5.77004;226;3574;100;46;39
5.78004;230;3670;100;53;40
5.79004;235;3765;100;61;40
5.80004;235;3765;100;68;41
5.81004;239;3861;100;77;41
5.82004;239;3861;100;85;42
5.83004;242;3958;100;94;42
5.84004;235;3965;100;100;43
5.85004;189;4111;100;80;43
5.86004;249;4051;100;100;44
5.87004;192;4208;100;81;45
5.88004;257;4243;100;100;45
5.89004;196;4304;100;82;46
5.90004;261;4339;100;100;46
5.91004;200;4400;100;83;47
5.92004;266;4434;100;100;47
5.93004;203;4497;100;84;48
5.94004;270;4530;100;100;48
5.95004;207;4593;100;86;49
5.96004;275;4625;100;100;50
5.97004;214;4786;100;91;50
5.98004;276;4723;100;100;50
5.99004;215;4785;100;94;50
6.00004;273;4727;100;100;50
6.01004;216;4784;100;98;50
6.02004;248;4752;100;100;50
6.03004;217;4783;100;100;50
6.04004;217;4783;100;100;50
6.05004;218;4782;100;100;50
6.06004;218;4782;100;100;50
6.07004;218;4782;100;100;50
6.08004;219;4781;100;100;50
6.09004;219;4781;100;100;50
6.10004;219;4781;100;100;50
6.11004;219;4781;100;100;50
6.12005;220;4780;100;100;50
6.13005;220;4780;100;100;50
6.14005;220;4780;100;100;50
6.15005;221;4779;100;100;50
6.16005;221;4779;96;100;50
6.17005;156;1211;92;100;50
6.18005;141;607;88;100;50
6.19005;136;405;84;100;50
6.20005;133;304;80;100;50
6.21005;130;243;76;100;50
6.22005;128;203;75;100;50
6.23005;128;194;73;100;50
6.24005;126;180;72;100;50
6.25005;125;174;72;100;50
6.26005;125;174;70;100;50
6.27005;124;162;69;100;50
6.28005;123;157;68;100;50
6.29005;122;152;68;100;50
6.30005;121;152;67;100;50
6.31005;120;147;66;100;50
6.32005;120;143;65;100;50
6.33005;119;139;64;100;50
6.34005;118;135;64;100;50
6.35005;117;135;64;100;50
6.36005;116;135;63;100;50
6.37005;116;132;62;100;50
6.38005;115;128;61;100;50
6.39005;114;125;61;100;50
6.40005;113;125;60;100;50
6.41005;113;122;60;100;50
6.42005;112;122;60;100;50
6.43005;111;122;60;100;50
6.44005;111;122;59;100;50
6.45005;110;119;59;100;50
6.46005;109;119;59;100;50
6.47005;108;119;58;100;50
6.48005;108;116;58;100;50
6.49005;107;116;58;100;50
6.50005;106;116;58;100;50
6.51005;106;116;57;100;50
6.52005;105;113;58;100;50
6.53005;104;116;58;100;50
6.54005;104;116;57;100;50
6.55006;103;113;58;100;50
6.56006;103;116;57;100;50
6.57006;102;113;58;100;50
6.58006;101;116;58;100;50
6.59006;101;116;58;100;50
6.60006;100;116;58;100;50
6.61006;99;116;59;100;50
6.62006;99;119;59;100;50
6.63006;98;119;59;100;50
6.64006;98;119;60;100;50
6.65006;97;122;60;100;50
6.66006;97;122;60;100;50
6.67006;96;122;60;100;50
6.68006;96;122;61;100;50
6.69006;95;125;62;100;50
6.70006;95;129;63;100;50
6.71006;94;132;64;100;50
6.72006;94;136;64;100;50
6.73006;93;136;65;100;50
6.74006;93;140;66;100;50
6.75006;92;144;68;100;50
6.76006;92;153;68;100;50
6.77006;91;153;69;100;50
6.78006;91;158;70;100;50
6.79006;91;163;72;100;50
6.80006;90;175;73;100;50
6.81006;90;181;74;100;50
6.82006;90;188;76;100;50
6.83006;90;204;76;100;50
6.84006;89;204;78;100;50
6.85006;89;223;80;100;50
6.86006;89;245;80;100;50
6.87006;89;245;82;100;50
6.88006;89;272;83;100;50
6.89006;89;288;84;100;50
6.90006;89;306;86;100;50
6.91006;90;350;87;100;50
6.92006;90;377;88;100;50
6.93006;91;409;88;100;50
6.94006;91;409;90;100;50
6.95006;92;490;90;100;50
6.96006;92;490;92;100;50
6.97006;95;613;91;100;50
6.98006;93;545;92;100;50
6.99007;94;613;93;100;50
7.00007;97;700;92;100;50
7.01007;94;613;94;100;50
7.02007;99;816;92;100;50
7.03007;93;613;95;100;50
7.04007;103;979;92;100;50
7.05007;93;613;96;100;50
7.06007;109;1222;92;100;50
7.07007;93;613;96;100;50
7.08007;108;1223;92;100;50
7.09007;92;613;97;100;50
7.10007;118;1627;89;100;50
7.11007;87;446;99;100;50
7.12007;182;4818;99;100;50
7.13007;183;4817;99;100;50
7.14007;184;4816;99;100;50
7.15007;184;4816;100;99;50
7.16007;185;4815;100;99;50
7.17007;186;4814;100;98;50
7.18007;213;4787;100;100;50
7.19007;187;4813;100;98;50
7.20007;215;4785;100;100;50
7.21007;189;4811;100;98;50
7.22007;217;4783;100;100;50
7.23007;190;4810;100;98;50
7.24007;218;4782;100;100;50
7.25007;191;4809;100;97;50
7.26007;231;4769;100;100;50
7.27007;193;4807;100;98;50
7.28007;222;4778;100;100;50
7.29007;194;4806;100;98;50
7.30007;223;4777;100;100;50
7.31007;196;4803;100;98;50
7.32007;225;4775;100;100;50
7.33007;197;4803;100;98;50
7.34007;226;4774;100;100;50
7.35007;198;4802;100;98;50
7.36007;228;4771;100;100;50
7.37007;200;4800;100;99;50
7.38007;200;4800;100;99;50
7.39007;201;4799;100;99;50
7.40007;201;4799;100;100;50
7.41007;202;4798;100;100;50
7.42007;202;4798;100;100;50
7.43008;202;4798;100;100;50
7.44008;203;4797;100;100;50
7.45008;203;4797;100;100;50
7.46008;204;4796;100;100;50
7.47008;204;4796;100;100;50
7.48008;205;4795;100;100;50
7.49008;205;4795;100;100;50
7.50008;206;4794;100;100;50
7.51008;206;4794;100;100;50
7.52008;206;4794;100;100;50
7.53008;207;4793;100;100;50
7.54008;207;4793;100;100;50
7.55008;208;4792;100;100;50
7.56008;208;4792;100;100;50
7.57008;208;4792;100;100;50
7.58008;209;4791;100;100;50
7.59008;209;4791;100;100;50
7.60008;210;4790;100;100;50
7.61008;210;4790;100;100;50
7.62008;210;4790;100;100;50
7.63008;211;4789;100;100;50
7.64008;211;4789;100;100;50
7.65008;212;4787;100;100;50
7.66008;212;4787;100;100;50
7.67008;212;4787;100;100;50
7.68008;213;4787;100;100;50
7.69008;213;4787;100;100;50
7.70008;213;4787;100;100;50
7.71008;214;4786;100;100;50
7.72008;214;4786;100;100;50
7.73008;214;4786;100;100;50
7.74008;215;4785;100;100;50
7.75008;215;4785;100;100;50
7.76008;215;4785;100;100;50
7.77008;216;4784;100;100;50
7.78008;216;4784;100;100;50
7.79008;216;4784;100;100;50
7.80008;217;4783;100;100;50
7.81008;217;4783;100;100;50
7.82008;217;4783;100;100;50
7.83008;218;4782;100;100;50
7.84008;218;4782;100;100;50
7.85008;218;4782;100;100;50
7.86009;219;4781;100;100;50
7.87009;219;4781;100;100;50
7.88009;219;4781;100;100;50
7.89009;219;4781;100;100;50
7.90009;220;4780;100;100;50
7.91009;220;4780;100;100;50
7.92009;220;4780;100;100;50
7.93009;221;4779;100;100;50
7.94009;221;4779;96;100;50
7.95009;156;1211;92;100;50
7.96009;141;607;88;100;50
7.97009;136;405;84;100;50
7.98009;133;304;80;100;50
7.99009;130;243;76;100;50
8.00009;128;203;75;100;50
8.01009;128;194;73;100;50
8.02009;126;180;72;100;50
8.03009;125;174;72;100;50
8.04009;125;174;70;100;50
8.05009;124;162;69;100;50
8.06009;123;157;68;100;50
8.07009;122;152;68;100;50
8.08009;121;152;67;100;50
8.09009;120;147;66;100;50
8.10009;120;143;65;100;50
8.11009;119;139;64;100;50
8.12009;118;135;64;100;50
8.13009;117;135;64;100;50
8.14009;116;135;63;100;50
8.15009;116;132;62;100;50
8.16009;115;128;61;100;50
8.17009;114;125;61;100;50
8.18009;113;125;60;100;50
8.19009;113;122;60;100;50
8.20009;112;122;60;100;50
8.21009;111;122;60;100;50
8.22009;111;122;59;100;50
8.23009;110;119;59;100;50
8.24009;109;119;59;100;50
8.25009;108;119;58;100;50
8.26009;108;116;58;100;50
8.27009;107;116;58;100;50
8.28009;106;116;58;100;50
8.29009;106;116;57;100;50
8.30009;105;113;58;100;50
8.31009;104;116;58;100;50
8.3201;104;116;57;100;50
8.3301;103;113;58;100;50
8.3401;103;116;57;100;50
8.3501;102;113;58;100;50
8.3601;101;116;58;100;50
8.3701;101;116;58;100;50
8.3801;100;116;58;100;50
8.3901;99;116;59;100;50
8.4001;99;119;59;100;50
8.4101;98;119;59;100;50
8.4201;98;119;60;100;50
8.4301;97;122;60;100;50
8.4401;97;122;60;100;50
8.4501;96;122;60;100;50
8.4601;96;122;61;100;50
8.4701;95;125;62;100;50
8.4801;95;129;63;100;50
8.4901;94;132;64;100;50
8.5001;94;136;64;100;50
8.5101;93;136;65;100;50
8.5201;93;140;66;100;50
8.5301;92;144;68;100;50
8.5401;92;153;68;100;50
8.5501;91;153;69;100;50
8.5601;91;158;70;100;50
8.5701;91;163;72;100;50
8.5801;90;175;73;100;50
8.5901;90;181;74;100;50
8.6001;90;188;76;100;50
8.6101;90;204;76;100;50
8.6201;89;204;78;100;50
8.6301;89;223;80;100;50
8.6401;89;245;80;100;50
8.6501;89;245;82;100;50
8.6601;89;272;83;100;50
8.6701;89;288;84;100;50
8.6801;89;306;86;100;50
8.6901;90;350;87;100;50
8.7001;90;377;88;100;50
8.7101;91;409;88;100;50
8.7201;91;409;90;100;50
8.7301;92;490;90;100;50
8.7401;92;490;92;100;50
8.7501;95;613;91;100;50
8.76011;93;545;92;100;50
8.77011;94;613;93;100;50
8.78011;97;700;92;100;50
8.79011;94;613;94;100;50
8.80011;99;816;92;100;50
8.81011;93;613;95;100;50
8.82011;103;979;92;100;50
8.83011;93;613;96;100;50
8.84011;109;1222;92;100;50
8.85011;93;613;96;100;50
8.86011;108;1223;92;100;50
8.87011;92;613;97;100;50
8.88011;118;1627;89;100;50
8.89011;87;446;99;100;50
8.90011;182;4818;99;100;50
8.91011;183;4817;99;100;50
8.92011;184;4816;99;100;16
8.93011;98;1502;100;96;17
8.94011;124;1576;100;92;17
8.95011;129;1571;100;88;18
8.96011;134;1666;100;84;18
8.97011;135;1664;100;80;19
8.98011;140;1760;100;76;20
8.99011;144;1856;100;72;20
9.00011;144;1856;100;68;21
9.01011;148;1952;100;64;21
9.02011;149;1951;100;60;22
9.03011;152;2048;100;56;22
9.04011;153;2047;100;52;23
9.05011;157;2143;100;48;23
9.06011;157;2143;100;44;24
9.07011;161;2239;100;40;25
9.08011;165;2335;100;36;25
9.09011;166;2334;100;32;26
9.10011;170;2430;100;28;26
9.11011;170;2430;100;24;27
9.12011;174;2526;100;20;27
9.13011;175;2525;100;16;28
9.14011;179;2621;100;12;28
9.15011;180;2620;100;8;29
9.16011;184;2716;100;7;30
9.17011;188;2812;100;8;30
9.18011;188;2812;100;7;31
9.19011;193;2907;100;8;31
9.20012;193;2907;100;8;32
9.21012;197;3003;100;8;32
9.22012;198;3001;100;8;33
9.23012;202;3097;100;10;33
9.24012;203;3097;100;11;34
9.25012;207;3193;100;13;35
9.26012;212;3288;100;17;35
9.27012;212;3288;100;20;36
9.28012;217;3383;100;24;36
9.29012;217;3383;100;28;37
9.30012;222;3478;100;33;37
9.31012;223;3477;100;38;38
9.32012;227;3573;100;44;38
9.33012;228;3572;100;50;39
9.34012;232;3668;100;57;40
9.35012;236;3764;100;66;40
9.36012;236;3764;100;73;41
9.37012;240;3860;100;82;41
9.38012;240;3860;100;90;42
9.39012;240;3960;100;98;42
9.40012;214;3985;100;94;43
9.41012;240;4060;100;100;43
9.42012;190;4110;100;88;44
9.43012;251;4149;100;100;44
9.44012;194;4206;100;88;44
9.45012;253;4147;100;100;44
9.46012;195;4205;100;88;44
9.47012;254;4146;100;100;44
9.48012;196;4204;100;88;44
9.49012;255;4145;100;100;44
9.50012;197;4203;100;88;44
9.51012;257;4143;100;100;44
9.52012;198;4202;100;89;44
9.53012;257;4143;100;100;44
9.54012;199;4201;100;89;44
9.55012;259;4141;100;100;44
9.56012;200;4200;100;89;44
9.57012;260;4140;100;100;44
9.58012;201;4199;100;90;44
9.59012;260;4140;100;100;44
9.60012;202;4198;100;91;44
9.61012;261;4139;100;100;44
9.62012;203;4197;100;92;44
9.63013;261;4139;100;100;44
9.64013;203;4197;100;92;44
9.65013;262;4138;100;100;44
9.66013;204;4196;100;93;44
9.67013;261;4139;100;100;44
9.68013;205;4195;100;94;44
9.69013;260;4140;100;100;44
9.70013;206;4194;100;96;44
9.71013;254;4146;100;100;44
9.72013;207;4193;96;100;44
9.73013;152;1062;92;100;44
9.74013;140;532;88;100;44
9.75013;135;355;84;100;44
9.76013;132;266;80;100;44
9.77013;130;213;76;100;44
9.78013;129;177;75;100;44
9.79013;128;170;73;100;44
9.80013;127;158;72;100;44
9.81013;126;152;72;100;44
9.82013;125;152;70;100;44
9.83013;124;142;69;100;44
9.84013;123;137;68;100;44
9.85013;122;133;68;100;44
9.86013;121;133;67;100;44
9.87013;121;129;66;100;44
9.88013;120;125;65;100;44
9.89013;119;122;64;100;44
9.90013;118;118;64;100;44
9.91013;117;118;64;100;44
9.92013;117;118;63;100;44
9.93013;116;115;62;100;44
9.94013;115;112;61;100;44
9.95013;114;109;61;100;44
9.96013;114;109;60;100;44
9.97013;113;107;60;100;44
9.98013;112;107;60;100;44
9.99013;111;107;60;100;44
10.0001;111;107;59;100;44
10.0101;110;104;59;100;44
10.0201;109;104;59;100;44
10.0301;109;104;58;100;44
10.0401;108;102;58;100;44
10.0501;107;102;58;100;44
10.0601;107;102;58;100;44
10.0701;106;102;57;100;44
10.0801;105;99;58;100;44
10.0901;105;102;57;100;44
10.1001;104;99;57;100;44
10.1101;103;99;58;100;44
10.1201;103;102;57;100;44
10.1301;102;99;58;100;44
10.1401;101;102;58;100;44
10.1501;101;102;58;100;44
10.1601;100;102;58;100;44
10.1701;100;102;58;100;44
10.1801;99;102;59;100;44
10.1901;98;104;59;100;44
10.2001;98;104;59;100;44
10.2101;97;104;60;100;44
10.2201;97;107;60;100;44
10.2301;96;107;60;100;44
10.2401;95;107;61;100;44
10.2501;95;110;62;100;44
10.2601;94;113;63;100;44
10.2701;94;116;64;100;44
10.2801;93;119;64;100;44
10.2901;93;119;65;100;44
10.3001;92;123;67;100;44
10.3101;92;130;68;100;44
10.3201;92;134;68;100;44
10.3301;91;134;70;100;44
10.3401;91;143;71;100;44
10.3501;90;148;72;100;44
10.3601;90;153;73;100;44
10.3701;90;159;75;100;44
10.3801;90;172;76;100;44
10.3901;89;179;77;100;44
10.4001;89;187;79;100;44
10.4101;89;205;80;100;44
10.4201;89;215;81;100;44
10.4301;89;226;83;100;44
10.4401;89;253;84;100;44
10.4501;89;269;85;100;44
10.4601;89;287;87;100;44
10.4701;90;331;88;100;44
10.4801;90;359;88;100;44
10.4901;90;359;90;100;44
10.5001;91;430;91;100;44
10.5101;92;478;92;100;44
10.5201;93;538;92;100;44
10.5301;93;538;92;100;44
10.5401;92;538;94;100;44
10.5501;97;717;92;100;44
10.5601;92;538;95;100;44
10.5701;100;860;93;100;44
10.5801;93;615;96;100;44
10.5901;105;1073;92;100;44
10.6001;91;538;96;100;44
10.6101;104;1074;93;100;44
10.6201;92;615;97;100;44
10.6301;112;1429;92;100;44
10.6401;90;538;98;100;44
10.6501;128;2136;98;100;44
10.6601;128;2136;98;100;44
10.6701;128;2136;98;100;44
10.6801;128;2136;100;96;44
10.6901;207;4193;100;97;44
10.7001;203;4197;100;97;44
10.7101;204;4196;100;98;44
10.7201;195;4205;100;96;44
10.7302;211;4189;100;100;44
10.7402;172;4228;100;88;44
10.7502;225;4175;100;100;44
10.7602;174;4226;100;88;44
10.7702;227;4173;100;100;44
10.7802;175;4225;100;87;44
10.7902;229;4171;100;100;44
10.8002;176;4224;100;86;44
10.8102;231;4169;100;100;44
10.8202;178;4222;100;85;44
10.8302;233;4167;100;100;44
10.8402;179;4221;100;84;44
10.8502;235;4165;100;100;44
10.8602;180;4220;100;84;44
10.8702;237;4163;100;100;44
10.8802;182;4218;100;84;44
10.8902;239;4161;100;100;44
10.9002;183;4217;100;83;44
10.9102;241;4159;100;100;44
10.9202;184;4216;100;82;44
10.9302;242;4158;100;100;44
10.9402;185;4215;100;82;44
10.9502;244;4156;100;100;44
10.9602;187;4213;100;82;44
10.9702;246;4154;100;100;44
10.9802;188;4212;100;81;44
10.9902;248;4152;100;100;44
11.0002;189;4211;100;81;44
11.0102;249;4151;100;100;44
11.0202;190;4210;100;80;44
11.0302;251;4149;100;100;44
11.0402;191;4209;100;80;44
11.0502;252;4148;100;100;44
11.0602;192;4208;100;80;44
11.0702;254;4146;100;100;44
11.0802;194;4206;100;80;44
11.0902;255;4145;100;100;44
11.1002;195;4205;100;80;44
11.1102;257;4143;100;100;44
11.1202;196;4204;100;80;44
11.1302;258;4142;100;100;44
11.1402;197;4203;100;81;44
11.1502;259;4141;100;100;44
11.1602;198;4202;100;81;44
11.1702;260;4140;100;100;44
11.1802;199;4201;100;81;44
11.1902;262;4138;100;100;44
11.2002;200;4200;100;81;44
11.2102;263;4137;100;100;44
11.2202;201;4199;100;82;44
11.2302;264;4136;100;100;44
11.2402;202;4198;100;83;44
11.2502;265;4135;100;100;44
11.2602;203;4197;100;84;44
11.2702;266;4134;100;100;44
11.2802;204;4196;100;84;44
11.2902;267;4133;100;100;44
11.3002;204;4196;100;85;44
11.3102;268;4132;100;100;44
11.3202;205;4195;100;87;44
11.3302;268;4132;100;100;44
11.3402;206;4194;100;88;44
11.3502;269;4131;100;100;44
11.3602;207;4193;100;90;44
11.3702;268;4132;100;100;44
11.3802;208;4192;100;92;44
11.3902;267;4133;100;100;44
11.4002;209;4191;100;93;44
11.4102;267;4133;100;100;44
11.4202;209;4191;100;96;44
11.4302;259;4141;100;100;44
11.4402;210;4190;100;98;44
11.4502;241;4159;100;100;44
11.4602;211;4189;100;100;44
11.4702;211;4189;96;100;44
11.4802;157;1060;92;100;44
11.4902;145;531;88;100;44
11.5002;140;355;84;100;44
11.5102;137;266;80;100;44
11.5202;135;213;76;100;44
11.5302;134;177;72;100;44
11.5402;132;152;68;100;44
11.5502;131;133;64;100;44
11.5602;130;118;60;100;44
11.5702;129;106;59;100;44
11.5802;128;104;57;100;44
11.5902;127;99;56;100;44
11.6002;126;97;56;100;44
11.6102;125;97;54;100;44
11.6202;124;92;53;100;44
11.6302;124;90;52;100;44
11.6402;123;89;52;100;44
11.6502;122;89;51;100;44
11.6602;121;87;50;100;44
11.6702;120;85;49;100;44
11.6802;120;83;48;100;44
11.6902;119;82;48;100;44
11.7002;118;82;47;100;44
11.7102;117;80;46;100;44
11.7202;116;79;45;100;44
11.7302;116;77;44;100;44
11.7402;115;76;44;100;44
11.7502;114;76;44;100;44
11.7602;113;76;44;100;44
11.7702;113;76;43;100;44
11.7802;112;75;43;100;44
11.7902;111;75;42;100;44
11.8002;110;73;42;100;44
11.8102;110;73;41;100;44
11.8202;109;72;41;100;44
11.8302;108;72;41;100;44
11.8402;108;72;41;100;44
11.8502;107;72;41;100;44
11.8602;106;72;40;100;44
11.8702;106;71;40;100;44
11.8802;105;71;40;100;44
11.8902;104;71;40;100;44
11.9002;104;71;40;100;44
11.9102;103;71;40;100;44
11.9202;102;71;40;100;44
11.9302;102;71;40;100;44
11.9402;101;71;41;100;44
11.9502;100;72;41;100;44
11.9602;100;72;41;100;44
11.9702;99;72;41;100;44
11.9802;98;72;42;100;44
11.9902;98;74;42;100;44
12.0002;97;74;43;100;44
12.0102;97;75;43;100;44
12.0202;96;75;44;100;44
12.0302;96;76;44;100;44
12.0402;95;76;44;100;44
12.0502;94;76;46;100;44
12.0602;94;79;47;100;44
12.0702;93;81;48;100;44
12.0802;93;82;48;100;44
12.0902;92;82;49;100;44
12.1002;92;84;50;100;44
12.1102;91;86;52;100;44
12.1202;91;89;52;100;44
12.1302;90;89;54;100;44
12.1402;90;93;56;100;44
12.1502;89;97;56;100;44
12.1602;89;97;58;100;44
12.1702;88;102;60;100;44
12.1802;88;107;61;100;44
12.1902;87;110;63;100;44
12.2002;87;116;64;100;44
12.2102;87;119;66;100;44
12.2202;86;126;68;100;44
12.2302;86;134;69;100;44
12.2402;86;139;71;100;44
12.2502;85;148;73;100;44
12.2602;85;159;75;100;44
12.2702;85;172;76;100;44
12.2802;85;179;78;100;44
12.2902;85;196;80;100;44
12.3002;85;215;82;100;44
12.3102;85;239;84;100;44
12.3202;85;269;85;100;44
12.3302;85;287;88;100;44
12.3402;87;359;88;100;44
12.3502;87;359;90;100;44
12.3602;88;431;91;100;44
12.3702;89;479;92;100;44
12.3802;90;538;93;100;44
12.3902;92;615;93;100;44
12.4002;92;615;94;100;44
12.4102;94;717;95;100;44
12.4202;98;860;94;100;44
12.4302;94;717;96;100;44
12.4402;102;1074;93;100;44
12.4502;91;615;97;100;44
12.4602;111;1429;92;100;44
12.4702;88;539;99;100;44
12.4802;166;4234;99;100;44
12.4902;167;4233;99;100;44
12.5002;167;4233;99;100;16
12.5102;97;1503;100;96;17
12.5202;122;1578;100;92;17
12.5302;127;1572;100;88;18
12.5402;133;1667;100;84;18
12.5502;134;1666;100;80;19
12.5602;138;1762;100;76;20
12.5702;142;1858;100;72;20
12.5802;142;1858;100;68;21
12.5902;146;1954;100;64;21
12.6002;147;1952;100;60;22
12.6102;151;2049;100;56;22
12.6202;151;2049;100;52;23
12.6302;155;2145;100;48;23
12.6402;156;2144;100;44;24
12.6502;160;2240;100;40;25
12.6602;164;2336;100;36;25
12.6702;164;2336;100;32;26
12.6802;168;2432;100;28;26
12.6902;169;2431;100;24;27
12.7002;173;2527;100;20;27
12.7102;173;2527;100;16;28
12.7202;177;2623;100;12;28
12.7302;178;2622;100;8;29
12.7402;182;2718;100;7;30
12.7502;186;2814;100;8;30
12.7602;187;2813;100;7;31
12.7702;191;2909;100;8;31
12.7802;192;2908;100;8;32
12.7902;196;3004;100;8;32
12.8002;197;3003;100;8;33
12.8102;201;3099;100;9;33
12.8202;202;3097;100;10;34
12.8302;206;3193;100;12;35
12.8402;210;3289;100;16;35
12.8502;211;3289;100;18;36
12.8602;215;3385;100;22;36
12.8702;216;3384;100;25;37
12.8802;220;3480;100;30;37
12.8902;221;3479;100;35;38
12.9002;225;3575;100;40;38
12.9102;226;3574;100;46;38
12.9202;227;3573;100;52;38
12.9302;228;3572;100;58;38
12.9402;229;3571;100;64;38
12.9502;229;3571;100;69;38
12.9602;230;3569;100;76;38
12.9702;230;3569;100;82;38
12.9802;230;3569;100;88;38
12.9902;229;3571;100;93;38
13.0002;225;3575;100;97;38
13.0102;213;3587;100;97;38
13.0202;213;3587;100;100;38
13.0302;178;3622;100;87;38
13.0402;232;3568;100;100;38
13.0502;178;3622;100;86;38
13.0602;234;3566;100;100;38
13.0702;179;3621;100;85;38
13.0802;235;3565;100;100;38
13.0902;180;3620;100;84;38
13.1002;236;3564;100;100;38
13.1102;181;3619;100;84;38
13.1202;237;3563;100;100;38
13.1302;181;3619;100;83;38
13.1402;238;3561;100;100;38
13.1502;182;3617;100;82;38
13.1602;239;3561;100;100;38
13.1702;183;3617;100;82;38
13.1802;240;3560;100;100;38
13.1902;183;3617;100;81;38
13.2002;241;3559;100;100;38
13.2102;184;3616;100;80;38
13.2202;242;3558;100;100;38
13.2302;185;3615;100;80;38
13.2402;243;3557;100;100;38
13.2502;185;3615;100;80;38
13.2602;244;3556;100;100;38
13.2702;186;3614;100;79;38
13.2802;245;3555;100;100;38
13.2902;187;3613;100;79;38
13.3002;246;3553;96;100;38
13.3102;142;914;92;100;38
13.3202;132;458;88;100;38
13.3302;128;306;87;100;38
13.3402;127;282;85;100;38
13.3502;125;245;85;100;38
13.3602;124;245;84;100;38
13.3702;123;229;83;100;38
13.3802;122;216;82;100;38
13.3902;121;204;81;100;38
13.4002;120;193;80;100;38
13.4102;119;184;80;100;38
13.4202;119;184;79;100;38
13.4302;118;175;79;100;38
13.4402;117;175;78;100;38
13.4502;116;167;77;100;38
13.4602;115;160;77;100;38
13.4702;115;160;76;100;38
13.4802;114;153;76;100;38
13.4902;113;153;76;100;38
13.5002;112;153;75;100;38
13.5102;112;147;75;100;38
13.5202;111;147;74;100;38
13.5302;110;141;74;100;38
13.5402;109;141;74;100;38
13.5502;109;141;73;100;38
13.5602;108;136;73;100;38
13.5702;107;136;73;100;38
13.5802;107;136;73;100;38
13.5902;106;136;73;100;38
13.6002;105;136;73;100;38
13.6102;105;136;72;100;38
13.6202;104;132;72;100;38
13.6302;103;132;73;100;38
13.6402;103;136;73;100;38
13.6502;102;136;73;100;38
13.6602;102;136;73;100;38
13.6702;101;137;73;100;38
13.6802;100;137;73;100;38
13.6902;100;137;73;100;38
13.7002;99;137;74;100;38
13.7102;99;142;74;100;38
13.7202;98;142;74;100;38
13.7302;98;142;75;100;38
13.7402;97;148;75;100;38
13.7502;97;148;76;100;38
13.7602;96;154;76;100;38
13.7702;96;154;76;100;38
13.7802;95;154;77;100;38
13.7902;95;161;78;100;38
13.8002;94;168;79;100;38
13.8102;94;176;80;100;38
13.8202;94;185;80;100;38
13.8302;93;185;81;100;38
13.8402;93;195;82;100;38
13.8502;93;205;83;100;38
13.8602;92;218;84;100;38
13.8702;92;231;85;100;38
13.8802;92;247;86;100;38
13.8902;92;264;87;100;38
13.9002;92;285;88;100;38
13.9102;92;309;88;100;38
13.9202;92;309;89;100;38
13.9302;92;337;90;100;38
13.9402;93;370;91;100;38
13.9502;93;411;92;100;38
13.9602;94;463;92;100;38
13.9702;94;463;92;100;38
13.9802;93;463;94;100;38
13.9902;97;617;93;100;38
14.0002;94;529;95;100;38
14.0102;99;740;93;100;38
14.0202;94;529;96;100;38
14.0302;103;924;93;100;38
14.0402;93;529;96;100;38
14.0502;102;924;94;100;38
14.0602;95;617;96;100;38
14.0702;102;924;95;100;38
14.0802;97;740;96;100;38
14.0902;101;924;95;100;38
14.1002;97;740;96;100;38
14.1102;101;924;96;100;38
14.1202;101;924;96;100;38
14.1302;100;925;96;100;38
14.1402;100;925;96;100;38
14.1502;100;925;96;100;38
14.1602;100;925;96;100;38
14.1702;100;925;96;100;38
14.1802;100;925;96;100;38
14.1902;99;925;96;100;38
14.2002;99;925;96;100;38
14.2102;99;925;96;100;38
14.2202;99;925;96;100;38
14.2302;99;925;96;100;38
14.2402;98;925;96;100;38
14.2502;98;925;97;100;38
14.2602;105;1231;95;100;38
14.2702;93;741;99;100;38
14.2802;151;3649;82;100;38
14.2902;80;206;100;100;38
14.3002;151;3649;100;100;38
14.3102;152;3648;100;100;38
14.3202;152;3648;100;100;38
14.3302;153;3647;100;96;38
14.3402;189;3611;100;96;38
14.3502;190;3609;100;95;38
14.3602;193;3607;100;96;38
14.3702;191;3609;100;95;38
14.3802;195;3605;100;96;38
14.3902;193;3607;100;95;38
14.4002;197;3603;100;96;38
14.4102;195;3605;100;95;38
14.4202;199;3601;100;96;38
14.4302;196;3604;100;95;38
14.4402;200;3600;100;96;38
14.4502;198;3601;100;96;38
14.4602;199;3601;100;96;38
14.4702;200;3600;100;96;38
14.4802;200;3600;100;96;38
14.4902;201;3599;100;96;38
14.5002;202;3598;100;97;38
14.5102;198;3601;100;96;38
14.5202;204;3596;100;98;38
14.5302;189;3611;100;94;38
14.5402;210;3590;100;100;38
14.5502;167;3633;100;87;38
14.5602;218;3582;100;100;38
14.5702;167;3633;100;85;38
14.5802;220;3580;100;100;38
14.5902;168;3632;100;84;38
14.6002;221;3579;100;100;38
14.6102;169;3631;100;83;38
14.6202;223;3577;100;100;38
14.6302;170;3630;100;81;38
14.6402;224;3576;100;100;38
14.6502;171;3629;100;80;38
14.6602;226;3574;100;99;38
14.6702;172;3628;100;84;38
14.6802;226;3574;100;100;38
14.6902;173;3627;100;84;38
14.7002;227;3573;100;100;38
14.7102;174;3625;100;82;38
14.7202;228;3572;100;100;38
14.7302;174;3625;100;81;38
14.7402;230;3569;100;100;38
14.7502;175;3625;100;80;38
14.7602;231;3569;100;100;38
14.7702;176;3624;100;79;38
14.7802;232;3568;100;100;38
14.7902;177;3623;100;78;38
14.8002;233;3567;100;99;38
14.8102;178;3622;100;84;38
14.8202;233;3567;100;100;38
14.8302;178;3622;100;83;38
14.8402;234;3566;100;100;38
14.8502;179;3621;100;82;38
14.8602;236;3564;100;100;38
14.8702;180;3620;100;81;38
14.8802;237;3563;100;100;38
14.8902;181;3619;100;80;38
14.9002;238;3561;100;100;38
14.9102;181;3619;100;80;38
14.9202;239;3561;100;100;38
14.9302;182;3617;100;79;38
14.9402;240;3560;100;100;38
14.9502;183;3617;100;79;38
14.9602;241;3559;100;100;38
14.9702;183;3617;100;78;38
14.9802;242;3558;100;100;38
14.9902;184;3616;100;77;38
15.0002;243;3557;100;100;38
15.0102;185;3615;100;76;38
15.0202;244;3556;100;100;38
15.0302;185;3615;100;76;38
15.0402;245;3555;100;100;38
15.0502;186;3614;100;76;38
15.0602;246;3553;100;100;38
15.0702;187;3613;100;76;38
15.0802;246;3553;100;99;38
15.0903;187;3613;100;84;38
15.1003;246;3553;100;100;38
15.1103;188;3612;100;84;38
15.1203;246;3553;96;100;38
15.1303;143;914;92;100;38
15.1403;133;458;88;100;38
15.1503;129;305;87;100;38
15.1603;128;282;85;100;38
15.1703;126;244;84;100;38
15.1803;125;229;84;100;38
15.1903;125;229;83;100;38
15.2003;124;216;81;100;38
15.2103;122;193;81;100;38
15.2203;122;193;80;100;38
15.2303;121;183;79;100;38
15.2403;120;175;78;100;38
15.2503;119;167;78;100;38
15.2603;118;167;77;100;38
15.2703;117;160;76;100;38
15.2803;116;153;76;100;38
15.2903;116;153;75;100;38
15.3003;115;147;75;100;38
15.3103;114;147;74;100;38
15.3203;113;141;74;100;38
15.3303;113;141;73;100;38
15.3403;112;136;73;100;38
15.3503;111;136;72;100;38
15.3603;110;131;72;100;38
15.3703;110;131;72;100;38
15.3803;109;131;72;100;38
15.3903;108;131;72;100;38
15.4003;108;131;71;100;38
15.4103;107;127;71;100;38
15.4203;106;127;71;100;38
15.4303;106;127;71;100;38
15.4403;105;127;71;100;38
15.4503;104;127;71;100;38
15.4603;104;127;71;100;38
15.4703;103;127;71;100;38
15.4803;103;127;71;100;38
15.4903;102;127;71;100;38
15.5003;101;127;71;100;38
15.5103;101;127;71;100;38
15.5203;100;127;72;100;38
15.5303;100;132;72;100;38
15.5403;99;132;72;100;38
15.5503;98;132;72;100;38
15.5603;98;132;72;100;38
15.5703;97;132;73;100;38
15.5803;97;137;73;100;38
15.5903;96;137;74;100;38
15.6003;96;142;74;100;38
15.6103;95;142;75;100;38
15.6203;95;148;76;100;38
15.6303;94;154;76;100;38
15.6403;94;154;77;100;38
15.6503;93;161;78;100;38
15.6603;93;168;79;100;38
15.6703;93;176;80;100;38
15.6803;92;185;81;100;38
15.6903;92;195;82;100;38
15.7003;92;206;83;100;38
15.7103;92;218;84;100;38
15.7203;92;231;84;100;38
15.7303;91;231;86;100;38
15.7403;92;264;87;100;38
15.7503;92;285;88;100;38
15.7603;92;309;88;100;38
15.7703;91;309;90;100;38
15.7803;92;370;90;100;38
15.7903;92;370;92;100;38
15.8003;94;463;92;100;38
15.8103;94;463;92;100;38
15.8203;93;463;93;100;38
15.8303;94;529;94;100;38
15.8403;96;617;93;100;38
15.8503;94;529;95;100;38
15.8603;99;740;93;100;38
15.8703;93;529;96;100;38
15.8803;102;924;93;100;38
15.8903;93;529;96;100;38
15.9003;102;924;94;100;38
15.9103;94;617;97;100;38
15.9203;108;1230;93;100;38
15.9303;92;529;98;100;38
15.9403;121;1839;90;100;38
15.9503;87;371;100;100;38
15.9603;154;3646;100;100;38
15.9703;154;3646;100;100;38
15.9803;154;3646;100;100;16
15.9903;99;1500;100;96;17
16.0003;125;1575;100;92;17
16.0103;130;1570;100;88;18
16.0203;135;1664;100;84;18
16.0303;137;1663;100;80;19
16.0403;141;1759;100;76;20
16.0503;145;1855;100;72;20
16.0603;145;1855;100;68;21
16.0703;149;1951;100;64;21
16.0803;150;1950;100;60;22
16.0903;154;2046;100;56;22
16.1003;154;2046;100;52;23
16.1103;158;2142;100;48;23
16.1203;159;2141;100;44;24
16.1303;162;2238;100;40;25
16.1403;166;2334;100;36;25
16.1503;167;2333;100;32;26
16.1603;171;2429;100;28;26
16.1703;171;2429;100;24;27
16.1803;175;2525;100;20;27
16.1903;176;2524;100;16;28
16.2003;180;2620;100;12;28
16.2103;181;2619;100;11;29
16.2203;185;2715;100;12;30
16.2303;189;2811;100;12;30
16.2403;189;2811;100;12;31
16.2503;194;2905;100;12;31
16.2603;194;2905;100;12;32
16.2703;198;3001;100;13;32
16.2803;199;3001;100;13;33
16.2903;203;3097;100;15;33
16.3003;204;3096;100;16;33
16.3103;205;3095;100;17;33
16.3203;206;3094;100;19;33
16.3303;206;3094;100;20;33
16.3403;207;3093;100;21;33
16.3503;208;3092;100;23;33
16.3603;209;3091;100;25;33
16.3703;209;3091;100;27;33
16.3803;210;3089;100;29;33
16.3903;211;3089;100;32;33
16.4003;212;3088;100;34;33
16.4103;212;3088;100;36;33
16.4203;213;3087;100;40;33
16.4303;214;3086;100;43;33
16.4403;214;3086;100;45;33
16.4503;215;3085;100;48;33
16.4603;216;3084;100;52;33
16.4703;216;3084;100;56;33
16.4803;217;3083;100;59;33
16.4903;217;3083;100;62;33
16.5003;218;3081;100;66;33
16.5103;218;3081;100;70;33
16.5203;219;3081;100;74;33
16.5303;219;3081;100;78;33
16.5403;219;3081;100;81;33
16.5503;219;3081;100;85;33
16.5603;219;3081;100;89;33
16.5703;218;3081;100;92;33
16.5803;216;3084;100;95;33
16.5903;211;3089;100;96;33
16.6003;209;3091;100;97;33
16.6103;204;3096;100;97;33
16.6203;204;3096;100;98;33
16.6303;194;3105;100;95;33
16.6403;213;3087;100;100;33
16.6503;170;3129;100;88;33
16.6603;222;3078;100;100;33
16.6703;171;3129;100;86;33
16.6803;223;3077;100;100;33
16.6903;171;3129;100;85;33
16.7003;224;3076;100;100;33
16.7103;171;3129;100;84;33
16.7203;225;3075;100;100;33
16.7303;172;3128;100;82;33
16.7403;226;3073;100;100;33
16.7503;172;3128;100;81;33
16.7603;226;3073;100;100;33
16.7703;172;3128;100;80;33
16.7803;227;3073;96;100;33
16.7903;136;791;92;100;33
16.8003;128;396;91;100;33
16.8103;126;352;90;100;33
16.8203;125;317;89;100;33
16.8303;123;288;88;100;33
16.8403;122;264;88;100;33
16.8503;121;264;87;100;33
16.8603;120;244;86;100;33
16.8703;119;227;85;100;33
16.8803;118;212;84;100;33
16.8903;117;198;84;100;33
16.9003;117;198;84;100;33
16.9103;116;199;83;100;33
16.9203;115;187;82;100;33
16.9303;114;177;82;100;33
16.9403;113;177;81;100;33
16.9503;112;167;81;100;33
16.9603;112;167;80;100;33
16.9703;111;159;80;100;33
16.9803;110;159;80;100;33
16.9903;110;159;80;100;33
17.0003;109;159;80;100;33
17.0103;108;159;79;100;33
17.0203;107;152;79;100;33
17.0303;107;152;79;100;33
17.0403;106;152;79;100;33
17.0503;106;152;79;100;33
17.0603;105;152;79;100;33
17.0703;104;152;79;100;33
17.0803;104;152;78;100;33
17.0903;103;145;79;100;33
17.1003;102;152;79;100;33
17.1103;102;152;79;100;33
17.1203;101;152;79;100;33
17.1303;101;152;79;100;33
17.1403;100;152;79;100;33
17.1503;99;152;80;100;33
17.1603;99;160;80;100;33
17.1703;98;160;80;100;33
17.1803;98;160;80;100;33
17.1903;97;160;80;100;33
17.2003;97;160;81;100;33
17.2103;96;168;82;100;33
17.2203;96;178;82;100;33
17.2303;95;178;83;100;33
17.2403;95;188;84;100;33
17.2503;95;200;84;100;33
17.2603;94;200;85;100;33
17.2703;94;213;86;100;33
17.2803;94;229;87;100;33
17.2903;94;246;87;100;33
17.3003;93;246;88;100;33
17.3103;93;267;89;100;33
17.3203;94;291;89;100;33
17.3303;93;291;91;100;33
17.3403;94;356;91;100;33
17.3503;94;356;92;100;33
17.3603;94;400;92;100;33
17.3703;94;400;93;100;33
17.3803;95;457;93;100;33
17.3903;94;458;94;100;33
17.4003;96;534;94;100;33
17.4103;95;534;95;100;33
17.4203;98;640;95;100;33
17.4303;97;640;95;100;33
17.4403;97;640;96;100;33
17.4503;100;800;95;100;33
17.4603;96;640;96;100;33
17.4703;100;800;95;100;33
17.4803;96;640;96;100;33
17.4903;99;800;96;100;33
17.5003;99;800;96;100;33
17.5103;99;800;96;100;33
17.5203;98;800;96;100;33
17.5303;98;800;96;100;33
17.5403;98;800;97;100;33
17.5503;103;1065;96;100;33
17.5603;97;800;97;100;33
17.5703;103;1065;96;100;33
17.5803;97;800;97;100;33
17.5903;103;1065;96;100;33
17.6003;97;800;98;100;33
17.6103;113;1593;93;100;33
17.6203;88;458;100;100;33
17.6303;140;3160;100;100;33
17.6403;141;3159;0;0;0
